{"cameraMode":{"drawMode":0,"name":"Shaded","section":"Shading Mode"},"sceneLighting":true,"audioPlay":false,"sceneViewState":{"showFog":false,"showMaterialUpdate":false,"showSkybox":false,"showFlares":false,"showImageEffects":false,"showParticleSystems":false},"in2DMode":false,"pivot":{"x":-5.040275573730469,"y":-1.741517186164856,"z":3.1919190883636476},"rotation":{"x":0.03916540369391441,"y":-0.7070760130882263,"z":0.03928300738334656,"w":0.7049576640129089},"size":8.27971076965332,"orthographic":false}