{"cameraMode":{"drawMode":0,"name":"Shaded","section":"Shading Mode"},"sceneLighting":false,"audioPlay":false,"sceneViewState":{"showFog":false,"showMaterialUpdate":false,"showSkybox":false,"showFlares":false,"showImageEffects":false,"showParticleSystems":false},"in2DMode":false,"pivot":{"x":46.02751541137695,"y":18.77828598022461,"z":-43.282249450683597},"rotation":{"x":-0.18346047401428224,"y":0.011235644109547139,"z":-0.001989941345527768,"w":-0.9830450415611267},"size":4.878148555755615,"orthographic":false}