{"cameraMode":{"drawMode":0,"name":"Shaded","section":"Shading Mode"},"sceneLighting":false,"audioPlay":false,"sceneViewState":{"showFog":false,"showMaterialUpdate":false,"showSkybox":false,"showFlares":false,"showImageEffects":false,"showParticleSystems":false},"in2DMode":false,"pivot":{"x":597.6605224609375,"y":771.3634033203125,"z":289.5367431640625},"rotation":{"x":-0.15451310575008393,"y":-0.1206112802028656,"z":0.019006092101335527,"w":-0.9804361462593079},"size":1877.1728515625,"orthographic":false}