{"cameraMode":{"drawMode":0,"name":"Shaded","section":"Shading Mode"},"sceneLighting":true,"audioPlay":false,"sceneViewState":{"showFog":false,"showMaterialUpdate":false,"showSkybox":false,"showFlares":false,"showImageEffects":false,"showParticleSystems":false},"in2DMode":false,"pivot":{"x":-0.7855265736579895,"y":7.585850715637207,"z":-3.692025661468506},"rotation":{"x":-0.5272384285926819,"y":0.0017974503571167589,"z":-0.001084995805285871,"w":-0.8497896790504456},"size":14.800824165344239,"orthographic":false}