{"cameraMode":{"drawMode":0,"name":"Shaded","section":"Shading Mode"},"sceneLighting":true,"audioPlay":false,"sceneViewState":{"showFog":false,"showMaterialUpdate":false,"showSkybox":false,"showFlares":false,"showImageEffects":false,"showParticleSystems":false},"in2DMode":false,"pivot":{"x":0.9936234354972839,"y":5.550514221191406,"z":-4.60435676574707},"rotation":{"x":0.45858708024024966,"y":-0.0005576867260970175,"z":0.00028785387985408306,"w":0.8886493444442749},"size":2.988555908203125,"orthographic":false}