{"cameraMode":{"drawMode":0,"name":"Shaded","section":"Shading Mode"},"sceneLighting":false,"audioPlay":false,"sceneViewState":{"showFog":false,"showMaterialUpdate":false,"showSkybox":false,"showFlares":false,"showImageEffects":false,"showParticleSystems":false},"in2DMode":false,"pivot":{"x":-0.3472933769226074,"y":2.710075616836548,"z":-0.4565681219100952},"rotation":{"x":-0.298077255487442,"y":0.0656178742647171,"z":-0.020441601052880288,"w":-0.9524039626121521},"size":11.680205345153809,"orthographic":false}