{"cameraMode":{"drawMode":0,"name":"Shaded","section":"Shading Mode"},"sceneLighting":true,"audioPlay":false,"sceneViewState":{"showFog":false,"showMaterialUpdate":false,"showSkybox":false,"showFlares":false,"showImageEffects":false,"showParticleSystems":false},"in2DMode":false,"pivot":{"x":1.4667260646820069,"y":9.688026428222657,"z":-1.0625801086425782},"rotation":{"x":0.4247058928012848,"y":0.026294946670532228,"z":-0.012100900523364544,"w":0.906055748462677},"size":28.659788131713868,"orthographic":false}