{"cameraMode":{"drawMode":0,"name":"Shaded","section":"Shading Mode"},"sceneLighting":true,"audioPlay":false,"sceneViewState":{"showFog":false,"showMaterialUpdate":false,"showSkybox":false,"showFlares":false,"showImageEffects":false,"showParticleSystems":false},"in2DMode":false,"pivot":{"x":-31.642093658447267,"y":-28.4490909576416,"z":15.979805946350098},"rotation":{"x":-0.18335981667041779,"y":0.5791151523590088,"z":-0.13531744480133058,"w":-0.7832254767417908},"size":86.63951110839844,"orthographic":false}