{"cameraMode":{"drawMode":0,"name":"Shaded","section":"Shading Mode"},"sceneLighting":true,"audioPlay":false,"sceneViewState":{"showFog":false,"showMaterialUpdate":false,"showSkybox":false,"showFlares":false,"showImageEffects":false,"showParticleSystems":false},"in2DMode":false,"pivot":{"x":-1.2727192640304566,"y":40.542457580566409,"z":-33.52125930786133},"rotation":{"x":0.3359887897968292,"y":-0.005113016348332167,"z":0.0006598674808628857,"w":0.9428406357765198},"size":4.815629959106445,"orthographic":false}