{"cameraMode":{"drawMode":0,"name":"Shaded","section":"Shading Mode"},"sceneLighting":true,"audioPlay":false,"sceneViewState":{"showFog":false,"showMaterialUpdate":false,"showSkybox":false,"showFlares":false,"showImageEffects":false,"showParticleSystems":false},"in2DMode":false,"pivot":{"x":713.541259765625,"y":518.1246337890625,"z":-221.73544311523438},"rotation":{"x":-0.01258164644241333,"y":-0.05546392872929573,"z":0.0007046684040687978,"w":-0.9984802603721619},"size":904.6016235351563,"orthographic":false}