{"cameraMode":{"drawMode":0,"name":"Shaded","section":"Shading Mode"},"sceneLighting":true,"audioPlay":false,"sceneViewState":{"showFog":false,"showMaterialUpdate":false,"showSkybox":false,"showFlares":false,"showImageEffects":false,"showParticleSystems":false},"in2DMode":false,"pivot":{"x":-13.567889213562012,"y":-557.5499267578125,"z":271.4920654296875},"rotation":{"x":0.5300254821777344,"y":-0.01734931208193302,"z":0.009632747620344162,"w":0.8485217690467835},"size":666.5459594726563,"orthographic":false}