{"cameraMode":{"drawMode":0,"name":"Shaded","section":"Shading Mode"},"sceneLighting":true,"audioPlay":false,"sceneViewState":{"showFog":false,"showMaterialUpdate":false,"showSkybox":false,"showFlares":false,"showImageEffects":false,"showParticleSystems":false},"in2DMode":false,"pivot":{"x":1.1775176525115967,"y":37.44911193847656,"z":-18.441953659057618},"rotation":{"x":-0.3536822497844696,"y":-0.01175930630415678,"z":0.004506641533225775,"w":-0.9353801012039185},"size":59.09537887573242,"orthographic":false}