{"cameraMode":{"drawMode":0,"name":"Shaded","section":"Shading Mode"},"sceneLighting":true,"audioPlay":false,"sceneViewState":{"showFog":false,"showMaterialUpdate":false,"showSkybox":false,"showFlares":false,"showImageEffects":false,"showParticleSystems":false},"in2DMode":false,"pivot":{"x":987.288818359375,"y":618.0043334960938,"z":-530.270263671875},"rotation":{"x":-0.09733037650585175,"y":0.023308049887418748,"z":-0.002174915513023734,"w":-0.9950597882270813},"size":43.51307678222656,"orthographic":false}