{"cameraMode":{"drawMode":0,"name":"Shaded","section":"Shading Mode"},"sceneLighting":true,"audioPlay":false,"sceneViewState":{"showFog":false,"showMaterialUpdate":false,"showSkybox":false,"showFlares":false,"showImageEffects":false,"showParticleSystems":false},"in2DMode":false,"pivot":{"x":1002.46484375,"y":484.434814453125,"z":-568.3423461914063},"rotation":{"x":-0.18346047401428224,"y":0.011235644109547139,"z":-0.001989941345527768,"w":-0.9830450415611267},"size":734.4124755859375,"orthographic":false}