{"cameraMode":{"drawMode":0,"name":"Shaded","section":"Shading Mode"},"sceneLighting":true,"audioPlay":false,"sceneViewState":{"showFog":false,"showMaterialUpdate":false,"showSkybox":false,"showFlares":false,"showImageEffects":false,"showParticleSystems":false},"in2DMode":false,"pivot":{"x":-2.716517925262451,"y":-6.7935895919799809,"z":-7.866926670074463},"rotation":{"x":0.04364538937807083,"y":0.8762854337692261,"z":-0.4730485677719116,"w":0.08097343146800995},"size":33.41350555419922,"orthographic":false}