{"cameraMode":{"drawMode":0,"name":"Shaded","section":"Shading Mode"},"sceneLighting":true,"audioPlay":false,"sceneViewState":{"showFog":false,"showMaterialUpdate":false,"showSkybox":false,"showFlares":false,"showImageEffects":false,"showParticleSystems":false},"in2DMode":false,"pivot":{"x":-12.206392288208008,"y":-17.038679122924806,"z":-10.257866859436036},"rotation":{"x":0.21759086847305299,"y":-0.49875080585479739,"z":0.1312554031610489,"w":0.8291776180267334},"size":45.31343078613281,"orthographic":false}