{"cameraMode":{"drawMode":0,"name":"Shaded","section":"Shading Mode"},"sceneLighting":true,"audioPlay":false,"sceneViewState":{"showFog":false,"showMaterialUpdate":false,"showSkybox":false,"showFlares":false,"showImageEffects":false,"showParticleSystems":false},"in2DMode":false,"pivot":{"x":1.345599889755249,"y":25.311655044555665,"z":-43.5293083190918},"rotation":{"x":-0.4457677900791168,"y":-0.004514884203672409,"z":0.0023503887932747604,"w":-0.8952192664146423},"size":43.51307678222656,"orthographic":false}