{"cameraMode":{"drawMode":0,"name":"Shaded","section":"Shading Mode"},"sceneLighting":false,"audioPlay":false,"sceneViewState":{"showFog":false,"showMaterialUpdate":false,"showSkybox":false,"showFlares":false,"showImageEffects":false,"showParticleSystems":false},"in2DMode":false,"pivot":{"x":-9.699999809265137,"y":-1.5159591436386109,"z":1.9097503423690797},"rotation":{"x":-0.3846006393432617,"y":-0.013294684700667858,"z":0.005539179313927889,"w":-0.9229910969734192},"size":2.089596748352051,"orthographic":false}