{"cameraMode":{"drawMode":0,"name":"Shaded","section":"Shading Mode"},"sceneLighting":true,"audioPlay":false,"sceneViewState":{"showFog":false,"showMaterialUpdate":false,"showSkybox":false,"showFlares":false,"showImageEffects":false,"showParticleSystems":false},"in2DMode":false,"pivot":{"x":-6.853082180023193,"y":-536.5813598632813,"z":628.9110107421875},"rotation":{"x":-0.34865379333496096,"y":0.002828348893672228,"z":-0.0010283486917614937,"w":-0.9373487830162048},"size":904.6016235351563,"orthographic":false}