{"cameraMode":{"drawMode":0,"name":"Shaded","section":"Shading Mode"},"sceneLighting":true,"audioPlay":false,"sceneViewState":{"showFog":true,"showMaterialUpdate":false,"showSkybox":true,"showFlares":true,"showImageEffects":true,"showParticleSystems":true},"in2DMode":false,"pivot":{"x":11.266448974609375,"y":4.0437822341918949,"z":1.595214605331421},"rotation":{"x":0.000323809334076941,"y":-0.040185924619436267,"z":0.000010276542525389232,"w":0.9991921782493591},"size":35.48630905151367,"orthographic":false}