{"cameraMode":{"drawMode":0,"name":"Shaded","section":"Shading Mode"},"sceneLighting":true,"audioPlay":false,"sceneViewState":{"showFog":false,"showMaterialUpdate":false,"showSkybox":false,"showFlares":false,"showImageEffects":false,"showParticleSystems":false},"in2DMode":false,"pivot":{"x":12.137151718139649,"y":-6.2305827140808109,"z":-9.432096481323243},"rotation":{"x":0.10007421672344208,"y":0.8524719476699829,"z":-0.17715679109096528,"w":0.4815518856048584},"size":22.804344177246095,"orthographic":false}