{"cameraMode":{"drawMode":0,"name":"Shaded","section":"Shading Mode"},"sceneLighting":true,"audioPlay":false,"sceneViewState":{"showFog":false,"showMaterialUpdate":false,"showSkybox":false,"showFlares":false,"showImageEffects":false,"showParticleSystems":false},"in2DMode":false,"pivot":{"x":-2.374997138977051,"y":0.18916654586791993,"z":3.875338554382324},"rotation":{"x":-0.13126300275325776,"y":0.7783734798431397,"z":-0.17349529266357423,"w":-0.5889017581939697},"size":10.0,"orthographic":false}