{"cameraMode":{"drawMode":0,"name":"Shaded","section":"Shading Mode"},"sceneLighting":true,"audioPlay":false,"sceneViewState":{"showFog":false,"showMaterialUpdate":false,"showSkybox":false,"showFlares":false,"showImageEffects":false,"showParticleSystems":false},"in2DMode":false,"pivot":{"x":-19.16204071044922,"y":0.7418826818466187,"z":1.7318885326385499},"rotation":{"x":-0.004063591826707125,"y":0.6582466959953308,"z":-0.003553283168002963,"w":-0.7527830004692078},"size":22.804344177246095,"orthographic":false}