{"cameraMode":{"drawMode":0,"name":"Shaded","section":"Shading Mode"},"sceneLighting":true,"audioPlay":false,"sceneViewState":{"showFog":false,"showMaterialUpdate":false,"showSkybox":false,"showFlares":false,"showImageEffects":false,"showParticleSystems":false},"in2DMode":false,"pivot":{"x":-26.714508056640626,"y":3.51338267326355,"z":-5.4978742599487309},"rotation":{"x":0.038950689136981967,"y":0.13627254962921143,"z":-0.005364618264138699,"w":0.9898908734321594},"size":12.967325210571289,"orthographic":false}