{"cameraMode":{"drawMode":0,"name":"Shaded","section":"Shading Mode"},"sceneLighting":true,"audioPlay":false,"sceneViewState":{"showFog":false,"showMaterialUpdate":false,"showSkybox":false,"showFlares":false,"showImageEffects":false,"showParticleSystems":false},"in2DMode":false,"pivot":{"x":-26.723346710205079,"y":-0.08010292053222656,"z":-6.336587905883789},"rotation":{"x":0.17890922725200654,"y":0.14289279282093049,"z":-0.026274653151631357,"w":0.9730790853500366},"size":12.967325210571289,"orthographic":false}